Gift Idea,Persona,Category,Description,Budget Range
Meta Quest 3,The Tech Enthusiast,Tech,Latest VR headset for immersive gaming and virtual experiences.,£225-£375
Apple AirPods Pro 2 (USB-C),The Tech Enthusiast,Tech,"High-quality sound and noise cancellation, ideal for music and remote work.",£150-£187
Galaxy Projector,The Tech Enthusiast,Tech,"Creates a mesmerizing starry night effect, blending tech and ambiance.",£37-£75
Smart Home Assistant,The Tech Enthusiast,Tech,Voice-activated assistant for controlling devices and playing music.,£37-£75
Portable Phone Charger,The Tech Enthusiast,Tech,Compact power bank to keep devices charged on the go.,£15-£37
Cleverfy Shower Steamers,The Health Nut,Fitness and Wellness,Aromatherapy tablets for a spa-like shower experience.,£15-£22
Edifier W820NB Plus Headphones,The Health Nut,Fitness and Wellness,Noise-canceling headphones for workouts or relaxation.,£52-£75
Smart Water Bottle,The Health Nut,Fitness and Wellness,Tracks hydration levels and reminds users to drink more water.,£22-£37
Fitness Resistance Bands Set,The Health Nut,Fitness and Wellness,Versatile workout tools for strength training or stretching.,£15-£30
Yoga Mat with Alignment Lines,The Health Nut,Fitness and Wellness,High-quality mat to enhance yoga practice.,£22-£45
Magna-Tiles,The Busy Parent,Kids and Family,Magnetic building blocks for creative and imaginative play.,£37-£75
Nixplay Smart Digital Photo Frame,The Busy Parent,Kids and Family,Displays cherished family photos in a dynamic way.,£112-£150
Galaxy Projector,The Busy Parent,Kids and Family,Projects starry effects for relaxation or family fun.,£37-£75
Family-Friendly Board Game,The Busy Parent,Kids and Family,Engaging games to bring the family together.,£15-£37
Ninja Creami Ice Cream Maker,The Busy Parent,Kids and Family,Create custom frozen treats at home.,£112-£150
Ninja Creami Ice Cream Maker,The Foodie,Food and Kitchen,Fun kitchen gadget to make custom ice creams and treats.,£112-£150
Rabbit Electric Wine Opener Set,The Foodie,Food and Kitchen,Effortless wine opening for hosting and relaxing.,£15-£37
Luxury Spice Set,The Foodie,Food and Kitchen,Exotic spices to elevate cooking.,£22-£45
Personalized Cutting Board,The Foodie,Food and Kitchen,Adds a custom touch to any kitchen.,£30-£52
Cooking Class Subscription,The Foodie,Food and Kitchen,Online lessons with professional chefs.,£37-£112
Magna-Tiles,The Creative Hobbyist,Hobbies and DIY,Magnetic tiles for creative building.,£37-£75
DIY Craft Kits,The Creative Hobbyist,Hobbies and DIY,"Kits for candle-making, knitting, or painting.",£15-£45
Galaxy Projector,The Creative Hobbyist,Hobbies and DIY,Inspires creativity with ambient visuals.,£37-£75
3D Puzzle Models,The Creative Hobbyist,Hobbies and DIY,Intricate models to build and display.,£22-£52
Nixplay Smart Digital Photo Frame,The Creative Hobbyist,Hobbies and DIY,Showcase photography or artwork dynamically.,£112-£150
Sony WH-1000XM5 Wireless Headphones,The Luxury Lover,Luxury and Comfort,Exceptional sound quality and comfort.,£262-£300
Apple AirPods Pro 2 (USB-C),The Luxury Lover,Luxury and Comfort,"Sleek, high-quality earbuds with noise cancellation.",£150-£187
Luxury Bathrobe,The Luxury Lover,Luxury and Comfort,"Plush, high-quality robe for relaxation.",£37-£75
High-End Scented Candles,The Luxury Lover,Luxury and Comfort,Creates a calming atmosphere at home.,£22-£52
Weighted Blanket,The Luxury Lover,Luxury and Comfort,Provides comfort and promotes better sleep.,£37-£75
Pet Camera,The Animal Lover,Animal Lover,Allows pet owners to monitor and interact with their pets remotely.,£75-£150
Personalized Pet Portrait,The Animal Lover,Animal Lover,A custom illustration of their beloved pet for home décor.,£50-£100
Smart Pet Feeder,The Animal Lover,Animal Lover,Automatically dispenses food for pets on a schedule.,£100-£200
Pet DNA Test Kit,The Animal Lover,Animal Lover,Discover their pet’s breed and genetic health traits.,£50-£100
Plush Heated Pet Bed,The Animal Lover,Animal Lover,Provides warmth and comfort for pets during cold months.,£30-£60
Portable Photo Printer,The Tech Enthusiast,Tech,"Prints photos directly from a smartphone, perfect for preserving memories instantly.",£50-£100
Tile Mate Tracker,The Tech Enthusiast,Tech,"A small Bluetooth tracker to keep track of keys, bags, and other essentials.",£20-£40
Wireless Charging Dock,The Tech Enthusiast,Tech,"Charges multiple devices wirelessly, ideal for decluttering desks.",£30-£50
Digital Notepad,The Tech Enthusiast,Tech,Combines traditional handwriting with digital storage.,£75-£150
Mini Projector,The Tech Enthusiast,Tech,Compact projector for movie nights anywhere.,£100-£200
Foam Roller Set,The Health Nut,Fitness and Wellness,A set of foam rollers to relieve muscle tension after workouts.,£20-£40
Meditation Cushion,The Health Nut,Fitness and Wellness,Provides comfort and support during meditation sessions.,£30-£50
Essential Oil Diffuser,The Health Nut,Fitness and Wellness,Creates a calming environment with scented essential oils.,£20-£40
Weighted Hula Hoop,The Health Nut,Fitness and Wellness,Fun and effective way to burn calories and strengthen the core.,£15-£30
Sleep Mask with Bluetooth Speakers,The Health Nut,Fitness and Wellness,Blocks light and plays relaxing music or sleep meditations.,£20-£50
Glow-in-the-Dark Blanket,The Busy Parent,Kids and Family,"A cozy blanket that glows in the dark, making bedtime fun.",£20-£40
STEM Building Kit,The Busy Parent,Kids and Family,Educational toy to inspire kids to explore science and engineering.,£30-£60
Indoor Bowling Set,The Busy Parent,Kids and Family,A fun game for family bonding indoors.,£15-£30
Scratch-Off World Map,The Busy Parent,Kids and Family,Interactive map to track and learn about travel destinations.,£10-£20
Interactive Storybook,The Busy Parent,Kids and Family,Engages kids with audio and visual storytelling.,£20-£40
Herb Garden Starter Kit,The Foodie,Food and Kitchen,Grow fresh herbs at home for cooking.,£20-£40
Reusable Beeswax Wraps,The Foodie,Food and Kitchen,Eco-friendly alternative to plastic wrap for food storage.,£10-£20
French Press Coffee Maker,The Foodie,Food and Kitchen,Brew fresh and rich coffee at home.,£20-£40
Mini Pancake Maker,The Foodie,Food and Kitchen,Perfect for making quick and delicious pancakes.,£20-£40
Cheese Board and Knife Set,The Foodie,Food and Kitchen,Elegant setup for serving cheese and snacks.,£30-£50
DIY Embroidery Kit,The Creative Hobbyist,Hobbies and DIY,Complete kit for creating personalized embroidered art.,£10-£20
Origami Paper and Guidebook,The Creative Hobbyist,Hobbies and DIY,Discover the art of paper folding with a variety of designs.,£10-£20
Leather Crafting Kit,The Creative Hobbyist,Hobbies and DIY,Tools and materials to create small leather items.,£30-£60
Paint-by-Numbers Kit,The Creative Hobbyist,Hobbies and DIY,Easy-to-follow kits to create beautiful paintings.,£20-£40
Calligraphy Set,The Creative Hobbyist,Hobbies and DIY,"Pens, inks, and guides to practice calligraphy.",£20-£40
Velvet Throw Pillow Set,The Luxury Lover,Luxury and Comfort,Adds elegance and comfort to any living space.,£30-£50
Electric Heated Slippers,The Luxury Lover,Luxury and Comfort,Keep feet warm and cozy during winter.,£20-£40
Aromatherapy Sleep Spray,The Luxury Lover,Luxury and Comfort,Helps promote restful sleep with calming scents.,£10-£20
Cashmere Socks,The Luxury Lover,Luxury and Comfort,Soft and luxurious socks for ultimate comfort.,£20-£40
Gourmet Chocolate Gift Box,The Luxury Lover,Luxury and Comfort,A selection of premium chocolates for indulgence.,£30-£50
Pet Grooming Kit,The Animal Lover,Animal Lover,"Includes brushes, nail clippers, and grooming essentials.",£15-£30
Interactive Pet Toy,The Animal Lover,Animal Lover,Keeps pets entertained and active.,£10-£20
Pet Travel Carrier,The Animal Lover,Animal Lover,Comfortable and secure carrier for traveling with pets.,£30-£50
Customized Pet Collar,The Animal Lover,Animal Lover,Engraved collar with the pet’s name and contact info.,£10-£20
Pet Treat Puzzle Toy,The Animal Lover,Animal Lover,Challenges pets to solve puzzles for their favorite treats.,£15-£30
